KP, KI, KD
0.000000, 0.100000, -0.000000
Tempo(ms), Omega(gras/s) , pot(%)
0.000000, -0.061035, 1610612736
0.000333, -0.183105, 0
0.000667, 0.061035, 0
